Element,logX,dlogX
C,-3.81964065403,0.25
O,-3.30964065403,0.15
Na,-5.59964065403,0.5
Mg,-4.11964065403,0.15
Al,-5.49964065403,0.4
Si,-4.23964065403,0.14
Ca,-5.53964065403,0.3
Sc,-8.75964065403,0.08
Ti,-6.91964065403,0.1
Cr,-5.94964065403,0.2
Mn,-6.99964065403,0.5
Fe,-4.38964065403,0.15
Ni,-5.71964065403,0.12
Ba,-9.99964065403,0.4
