Element,logX,dlogX
He,-1.13899257588,0.2
C,-3.34899257588,0.29
N,-3.86899257588,0.3
O,-3.16899257588,0.1
Mg,-4.24899257588,0.15
Al,-5.46899257588,0.3
Si,-4.40899257588,0.14
Ca,-6.23899257588,0.19
Sc,-8.96899257588,0.4
Ti,-7.08899257588,0.29
Cr,-6.42899257588,0.21
Fe,-4.44899257588,0.27
