Element,logX,dlogX
He,-1.21371931476,0.2
C,-3.30371931476,0.22
N,-3.87371931476,0.3
O,-3.24371931476,0.2
Mg,-4.86371931476,0.33
Si,-4.73371931476,0.22
Ca,-6.07371931476,0.17
Sc,-9.01371931476,0.34
Ti,-7.44371931476,0.27
Cr,-6.64371931476,0.27
Fe,-4.88371931476,0.25
Ni,-6.13371931476,0.27
Sr,-9.57371931476,0.3
Ba,-9.67371931476,0.4