Element,logX,dlogX
C,-3.66959407663,0.07
O,-3.27959407663,0.05
Na,-5.71959407663,0.25
Mg,-4.11959407663,0.13
Si,-4.28959407663,0.19
S,-4.59959407663,0.3
Ca,-5.37959407663,0.23
Sc,-8.71959407663,0.15
Ti,-6.81959407663,0.09
Cr,-6.08959407663,0.17
Mn,-6.58959407663,0.08
Fe,-4.46959407663,0.13
Ni,-5.65959407663,0.05
Y,-9.56959407663,0.3
Ba,-9.55959407663,0.24
