Element,logX,dlogX
C,-3.60954474801,0.16
O,-3.17954474801,0.1
Na,-5.57954474801,0.15
Mg,-4.22954474801,0.14
Si,-4.57954474801,0.11
S,-4.78954474801,0.16
Ca,-5.58954474801,0.16
Sc,-8.89954474801,0.26
Ti,-6.97954474801,0.2
V,-7.79954474801,0.4
Cr,-6.29954474801,0.17
Mn,-6.69954474801,0.16
Fe,-4.48954474801,0.14
Ni,-5.75954474801,0.2
Zn,-7.79954474801,0.4
Sr,-9.39954474801,0.3
Y,-9.55954474801,0.17
Zr,-9.29954474801,0.3
Ba,-9.45954474801,0.29
