Element,logX,dlogX
C,-3.26936596227,0.18
N,-3.69936596227,0.3
O,-3.16936596227,0.1
Na,-6.19936596227,0.4
Mg,-5.10936596227,0.14
Si,-5.35936596227,0.15
S,-4.59936596227,0.3
Ca,-6.46936596227,0.23
Sc,-9.48936596227,0.26
Ti,-7.70936596227,0.25
Cr,-6.97936596227,0.24
Mn,-6.39936596227,0.5
Fe,-5.15936596227,0.22
Ni,-6.24936596227,0.32
Ba,-10.2993659623,0.4
